,mean_difference,bias,std_error,bca_ci_lower,bca_ci_upper,effect_size_cohen_d,effect_size_hedges_g,wilcoxon_stat,wilcoxon_rbc,p_value,significant,channel_pair,frequency_band,channel_pair_type,bonferroni_corrected_p,fdr_corrected_p
0,-0.004428699998523717,1.4198468499330465e-05,0.00791614039152385,-0.01913508674710279,0.011428251913056553,-0.20733923197660054,-0.16587138558128045,7.0,0.3333333333333333,0.5762,False,AF3_ECG,alpha,EEG_ECG,1.0,0.8849552238805971
1,0.0009832928341021335,2.4442737659806672e-05,0.004862451029882699,-0.009281474440376533,0.00971484882496925,0.07510914220734144,0.06008731376587315,10.0,-0.04761904761904767,0.8378,False,AF4_ECG,alpha,EEG_ECG,1.0,0.9693830508474577
2,-0.0060863128395457836,6.351685189036251e-05,0.006569158641757838,-0.01762668507442078,0.009684511108312983,-0.3437759899141422,-0.2750207919313138,6.0,0.4285714285714286,0.3782,False,AF7_ECG,alpha,EEG_ECG,1.0,0.801048611111111
3,0.0011843893437678832,5.0294473450567586e-05,0.010202134972903766,-0.017619092515842132,0.022376404345440498,0.04298121026305725,0.0343849682104458,10.0,-0.04761904761904767,0.9246,False,AFz_ECG,alpha,EEG_ECG,1.0,0.9693830508474577
4,-0.0008159964157967827,3.2726745770044526e-05,0.005519125300636136,-0.010136930416516948,0.011626477576663567,-0.05488666969630834,-0.043909335757046676,9.0,0.14285714285714285,0.893,False,C1_ECG,alpha,EEG_ECG,1.0,0.9693830508474577
5,-0.004768159480226134,3.402125651159535e-05,0.008035995099929003,-0.02134456688223835,0.010170656178541833,-0.21973746361229632,-0.17578997088983705,7.0,0.3333333333333333,0.5746,False,C2_ECG,alpha,EEG_ECG,1.0,0.8849552238805971
6,-0.005696500259009099,1.9261150398705226e-05,0.003448828909149944,-0.012279550292306518,0.000330515228734034,-0.6114529383720534,-0.48916235069764274,6.0,0.4285714285714286,0.1124,False,C3_ECG,alpha,EEG_ECG,1.0,0.4828450704225352
7,-0.0036319819816108168,7.477359908676998e-05,0.008678590358467266,-0.021568572401384403,0.012066487283759702,-0.1561928255592201,-0.12495426044737608,10.0,0.04761904761904767,0.7112,False,C4_ECG,alpha,EEG_ECG,1.0,0.947231441048035
8,-0.0110950808371957,3.277321174582383e-05,0.007334741350430809,-0.02502952593238955,0.0036901398078199284,-0.5606003690440543,-0.44848029523524346,4.0,0.6190476190476191,0.1314,False,C5_ECG,alpha,EEG_ECG,1.0,0.5073037974683544
9,-0.005806488739567166,6.912886122159914e-05,0.008196666393629535,-0.0200526553215961,0.013852191419549617,-0.26272580639010096,-0.2101806451120808,9.0,0.14285714285714285,0.5742,False,C6_ECG,alpha,EEG_ECG,1.0,0.8849552238805971
10,-0.004366794081715734,6.50999504153791e-06,0.007587193658042738,-0.017143162182839917,0.012848239429934833,-0.2132136131237679,-0.17057089049901433,8.0,0.23809523809523814,0.5496,False,CP1_ECG,alpha,EEG_ECG,1.0,0.8776335078534031
11,-0.00841994120423285,6.06225818490496e-05,0.008831982398936851,-0.028750542883802594,0.0061673992042040994,-0.3559502675748063,-0.28476021405984503,7.0,0.3333333333333333,0.3592,False,CP2_ECG,alpha,EEG_ECG,1.0,0.7851571428571429
12,0.0008967369869418833,-1.5617639996527667e-05,0.007369393162993285,-0.012859389608065734,0.015568449989389601,0.04524853982922989,0.036198831863383914,10.0,-0.04761904761904767,0.9186,False,CP3_ECG,alpha,EEG_ECG,1.0,0.9693830508474577
13,-0.006263267628020483,4.3416235376420725e-05,0.007879021670412411,-0.025208242243701013,0.007011472622517984,-0.29637131860392407,-0.23709705488313926,9.0,0.14285714285714285,0.44,False,CP4_ECG,alpha,EEG_ECG,1.0,0.8283950617283952
14,-0.009448439123313782,-1.775817737590009e-05,0.006644419322015802,-0.021434421535315815,0.004896801577921818,-0.5287938831748648,-0.42303510653989185,5.0,0.5238095238095237,0.1636,False,CP5_ECG,alpha,EEG_ECG,1.0,0.5423695652173912
15,-0.0020247017991155665,5.436394935164589e-05,0.009011908414419123,-0.01953351171143222,0.015158591923724651,-0.08323642342939007,-0.06658913874351206,9.0,0.14285714285714285,0.8562,False,CP6_ECG,alpha,EEG_ECG,1.0,0.9693830508474577
16,-0.001643628867792201,2.9852178755134743e-05,0.007214270455616667,-0.016995664747913468,0.01098032012822475,-0.08484796116015415,-0.06787836892812332,9.0,0.14285714285714285,0.8534,False,CPz_ECG,alpha,EEG_ECG,1.0,0.9693830508474577
17,-0.00279183953720335,3.042515833279755e-05,0.009340155928706212,-0.023578360510383495,0.0131238470477227,-0.1110409194097184,-0.08883273552777472,10.0,-0.04761904761904767,0.8244,False,Cz_ECG,alpha,EEG_ECG,1.0,0.9693830508474577
18,0.0028293325133475996,3.681465449753996e-05,0.005199901693641351,-0.0063828173566059495,0.014662011588607146,0.20156068732211385,0.1612485498576911,9.0,-0.14285714285714285,0.5952,False,F1_ECG,alpha,EEG_ECG,1.0,0.8930873786407766
19,-0.0024696774254048515,4.265848612664425e-05,0.005660724238383135,-0.012389203988477917,0.008793330172412213,-0.16206041968960225,-0.1296483357516818,9.0,0.14285714285714285,0.6446,False,F2_ECG,alpha,EEG_ECG,1.0,0.9101990740740741
20,-0.0018918217849588006,3.2978064847721724e-05,0.008108934597462031,-0.014493133855248983,0.01754445057750863,-0.08663210997344709,-0.06930568797875768,9.0,0.14285714285714285,0.8102,False,F3_ECG,alpha,EEG_ECG,1.0,0.9693830508474577
21,-0.004742592514359133,5.288711891333984e-05,0.007809921468420479,-0.02063157404208978,0.0096468826727313,-0.22586013142826272,-0.1806881051426102,8.0,0.23809523809523814,0.5442,False,F4_ECG,alpha,EEG_ECG,1.0,0.8776335078534031
22,0.0001612777560133664,2.6114627319754534e-05,0.006581047963878969,-0.012190844462871253,0.011816582511626969,0.009078949273808843,0.007263159419047075,9.0,0.14285714285714285,0.9536,False,F5_ECG,alpha,EEG_ECG,1.0,0.9809127516778524
23,-0.011063747207734417,1.0694845216705981e-05,0.006876790876524259,-0.024381692952045,0.0030735506312402332,-0.5970966132899551,-0.4776772906319641,5.0,0.5238095238095237,0.114,False,F6_ECG,alpha,EEG_ECG,1.0,0.48291666666666666
24,0.003976322788710434,6.908837674695582e-05,0.007793027458764553,-0.011012257974940034,0.0187473766131304,0.18961483695970488,0.15169186956776393,8.0,-0.23809523809523814,0.6194,False,F8_ECG,alpha,EEG_ECG,1.0,0.8953412322274882
25,-0.004767159589678132,-1.990201155688178e-05,0.006621054378067046,-0.017057699724069533,0.00888785368155392,-0.2666296924346345,-0.21330375394770762,8.0,0.23809523809523814,0.4732,False,FC1_ECG,alpha,EEG_ECG,1.0,0.8417298850574713
26,0.0020407256014666826,2.665668954869539e-05,0.004237566287497762,-0.0057888197982681674,0.009723818894980849,0.17847753739394595,0.14278202991515676,7.0,-0.3333333333333333,0.6698,False,FC2_ECG,alpha,EEG_ECG,1.0,0.91690625
27,-0.0028606591633869994,2.679498613598506e-05,0.006131323260531584,-0.014732916493804865,0.009531336541223701,-0.17274704292416002,-0.13819763433932802,8.0,0.23809523809523814,0.6494,False,FC3_ECG,alpha,EEG_ECG,1.0,0.9111004566210046
28,0.0006558802433444672,4.080788975297021e-05,0.008646483161179509,-0.01695615983783647,0.0164874681103048,0.028090154524592036,0.02247212361967363,10.0,0.04761904761904767,0.9282,False,FC4_ECG,alpha,EEG_ECG,1.0,0.9693830508474577
29,-0.0089163274407582,4.5405665339040904e-05,0.007405900817861448,-0.022419203289510237,0.006864895762117181,-0.44668740250488226,-0.3573499220039058,5.0,0.5238095238095237,0.2182,False,FC5_ECG,alpha,EEG_ECG,1.0,0.6378857142857143
30,-0.003107523556307584,5.495118270933694e-05,0.007664585915215309,-0.0175458270280137,0.01172300426459795,-0.1507902614806417,-0.12063220918451337,9.0,0.14285714285714285,0.6794,False,FC6_ECG,alpha,EEG_ECG,1.0,0.919858407079646
31,-0.004055761884599484,-7.36886740750585e-07,0.006614606368718719,-0.01947405040061835,0.0070997328826812,-0.22731183037708164,-0.18184946430166532,9.0,0.14285714285714285,0.5728,False,FCz_ECG,alpha,EEG_ECG,1.0,0.8849552238805971
32,-0.006131673984786701,2.02711577147012e-05,0.00832759168290507,-0.022662854111028138,0.009565564377374101,-0.272353423961782,-0.21788273916942563,8.0,0.23809523809523814,0.4696,False,FFT7h_ECG,alpha,EEG_ECG,1.0,0.8417298850574713
33,-0.009121289860018133,7.866198250424186e-05,0.007003214431574299,-0.021434023402084865,0.006251364674812701,-0.48315279479226764,-0.3865222358338141,5.0,0.5238095238095237,0.2056,False,FFT8h_ECG,alpha,EEG_ECG,1.0,0.6270800000000001
34,-0.0036808007828778833,3.1148610632167166e-05,0.006950910268939779,-0.019758856390572132,0.0078938524488807,-0.19623305195582635,-0.1569864415646611,9.0,0.14285714285714285,0.6526,False,FT10_ECG,alpha,EEG_ECG,1.0,0.9111004566210046
35,-0.0012585320681403167,4.879903562307391e-05,0.005226647344270437,-0.010302850975989666,0.010366089156036382,-0.08983352899382432,-0.07186682319505946,9.0,0.14285714285714285,0.7868,False,FT9_ECG,alpha,EEG_ECG,1.0,0.9693830508474577
36,-0.012748186480479234,5.78147888072051e-05,0.0077169173854359915,-0.026315087344201932,0.005283437456201849,-0.6131422673871921,-0.49051381390975374,3.0,0.7142857142857142,0.1334,False,FTT7h_ECG,alpha,EEG_ECG,1.0,0.5085875
37,-0.008020313046127181,4.7768750648923344e-05,0.007625408962923806,-0.023340484296952315,0.0065984303328038675,-0.39183632987171857,-0.3134690638973749,7.0,0.3333333333333333,0.3084,False,FTT8h_ECG,alpha,EEG_ECG,1.0,0.7236183206106871
38,-0.009607864526366,-4.7509544712238255e-06,0.004861281696953168,-0.018663041608597362,0.00022136449523716775,-0.731222896034917,-0.5849783168279336,4.0,0.6190476190476191,0.0448,False,Fp1_ECG,alpha,EEG_ECG,1.0,0.27885714285714286
39,-0.001903687254507233,4.29296992904575e-05,0.008724615755281015,-0.020095589884799182,0.014106614844286833,-0.08082680465717156,-0.06466144372573725,10.0,0.04761904761904767,0.8566,False,Fp2_ECG,alpha,EEG_ECG,1.0,0.9693830508474577
40,-0.0024824218190915835,7.60614829495845e-05,0.008614961873483816,-0.017717605200206318,0.015342016878092932,-0.1075740941730434,-0.08605927533843472,9.0,0.14285714285714285,0.7676,False,Fz_ECG,alpha,EEG_ECG,1.0,0.9669629629629629
41,-0.00043680700942229947,-2.1171244861858496e-05,0.0072376951559636115,-0.017034487476191598,0.011670054983660182,-0.022517981156905342,-0.018014384925524273,9.0,-0.14285714285714285,0.9742,False,O1_ECG,alpha,EEG_ECG,1.0,0.9838774834437085
42,0.0016173653144805668,3.9764139999553475e-05,0.00611241095415302,-0.010406811845015894,0.013073413364947833,0.09843629265769725,0.0787490341261578,10.0,-0.04761904761904767,0.7954,False,O2_ECG,alpha,EEG_ECG,1.0,0.9693830508474577
43,0.004735785474372917,7.701405403278631e-05,0.00840095020655965,-0.0106090031936031,0.022233384762910965,0.20909825426920398,0.1672786034153632,8.0,-0.23809523809523814,0.603,False,P1_ECG,alpha,EEG_ECG,1.0,0.8930873786407766
44,-0.004405625530729633,4.977738928688396e-05,0.007233627342706489,-0.019552560836857965,0.008122777869723916,-0.2256457640552522,-0.18051661124420176,8.0,0.23809523809523814,0.5822,False,P2_ECG,alpha,EEG_ECG,1.0,0.8849552238805971
45,-0.006639720322795216,5.909933909137646e-07,0.005938299790791678,-0.021235610421279933,0.002403140545426113,-0.4156047943320205,-0.33248383546561644,5.0,0.5238095238095237,0.2492,False,P3_ECG,alpha,EEG_ECG,1.0,0.6609217391304348
46,-0.004262851031600033,-1.4380552542060318e-06,0.006832711518593447,-0.017592604989733966,0.008984455545880267,-0.23271378769745163,-0.18617103015796133,8.0,0.23809523809523814,0.545,False,P4_ECG,alpha,EEG_ECG,1.0,0.8776335078534031
47,0.001192881825411883,1.4309257327723476e-05,0.006278847835775591,-0.013027020653764433,0.011573846702038799,0.07058269969479355,0.05646615975583485,9.0,-0.14285714285714285,0.7542,False,P5_ECG,alpha,EEG_ECG,1.0,0.9669629629629629
48,-0.002232615508082066,2.8764408731345344e-05,0.007453303544305929,-0.015291981508349215,0.013611834226264455,-0.11149045629671245,-0.08919236503736996,9.0,0.14285714285714285,0.7602,False,P6_ECG,alpha,EEG_ECG,1.0,0.9669629629629629
49,-0.00767387718690065,9.782204658551237e-06,0.006146009984936962,-0.019106716804617185,0.004607232873410882,-0.46567540388944717,-0.37254032311155777,5.0,0.5238095238095237,0.2172,False,P7_ECG,alpha,EEG_ECG,1.0,0.6378857142857143
50,0.0012137462034033338,1.942376210491755e-05,0.006655566921221117,-0.013877669387643133,0.012282990355528066,0.06801682485331251,0.054413459882650006,10.0,-0.04761904761904767,0.8314,False,PO3_ECG,alpha,EEG_ECG,1.0,0.9693830508474577
51,-0.005688287768348482,3.965139929285044e-06,0.006863093431394672,-0.0150564660319905,0.014826550022321182,-0.30934601787669747,-0.24747681430135798,6.0,0.4285714285714286,0.4634,False,PO4_ECG,alpha,EEG_ECG,1.0,0.8417298850574713
52,-0.002529786138581066,-7.189133057844584e-06,0.009283903928445358,-0.021859678462916882,0.014918589492387717,-0.10120489904275874,-0.080963919234207,9.0,0.14285714285714285,0.798,False,PO7_ECG,alpha,EEG_ECG,1.0,0.9693830508474577
53,-0.008748345405043165,1.9893417516302775e-05,0.00941763013586343,-0.026188748492404032,0.010342080306578334,-0.3466936436471649,-0.2773549149177319,6.0,0.4285714285714286,0.3604,False,PO8_ECG,alpha,EEG_ECG,1.0,0.7851571428571429
54,-0.005132757854688683,2.861465274814519e-05,0.0063804785607165316,-0.020903074955895513,0.004850901492947083,-0.3002464658699096,-0.2401971726959277,8.0,0.23809523809523814,0.4536,False,POz_ECG,alpha,EEG_ECG,1.0,0.8417298850574713
55,-0.005014714469615366,-3.3273736264300725e-05,0.006045048997032632,-0.017529354076507617,0.006149093730129766,-0.3088063544403102,-0.24704508355224816,7.0,0.3333333333333333,0.4174,False,Pz_ECG,alpha,EEG_ECG,1.0,0.812182389937107
56,-0.009590642917572651,1.3082577276442992e-05,0.007893309328863892,-0.0271018092310355,0.004273346716978583,-0.45380533608341167,-0.36304426886672936,5.0,0.5238095238095237,0.2144,False,TP10_ECG,alpha,EEG_ECG,1.0,0.6378857142857143
57,-0.015519220370478532,-2.9959002173538668e-05,0.004913843032046083,-0.023869940755793333,-0.004740254004634267,-1.169402888252922,-0.9355223106023376,1.0,0.9047619047619047,0.0024,True,TP9_ECG,alpha,EEG_ECG,0.732,0.036599999999999994
58,-0.0006147655256295504,8.280098573341921e-06,0.006376837809757923,-0.012264853610618185,0.012421732618765334,-0.035743271520002375,-0.0285946172160019,10.0,-0.04761904761904767,0.8978,False,TPP7h_ECG,alpha,EEG_ECG,1.0,0.9693830508474577
59,-0.002329474266819583,3.868606494914113e-05,0.008760834286938038,-0.022978809581908784,0.01205989889644265,-0.09887861616959727,-0.07910289293567782,9.0,0.14285714285714285,0.8348,False,TPP8h_ECG,alpha,EEG_ECG,1.0,0.9693830508474577
60,0.003905569845445317,3.95375428318182e-05,0.008475792784644458,-0.012782792860056,0.019657972826302852,0.1710226228960498,0.13681809831683986,8.0,-0.23809523809523814,0.6438,False,TTP8h_ECG,alpha,EEG_ECG,1.0,0.9101990740740741
61,0.0030682250041542333,1.594340449724476e-05,0.003940478774805632,-0.004764038638085616,0.010345986190863583,0.2882768045532371,0.2306214436425897,7.0,-0.3333333333333333,0.4612,False,AF3_ECG,beta,EEG_ECG,1.0,0.8417298850574713
62,0.0008636490850376671,-1.251107437484297e-05,0.0028833425353725836,-0.0058235969915581,0.00567837901858475,0.11119083632109075,0.0889526690568726,9.0,-0.14285714285714285,0.7576,False,AF4_ECG,beta,EEG_ECG,1.0,0.9669629629629629
63,0.0035923326848579153,-5.999745479048739e-06,0.003083766577493956,-0.002342475800187301,0.0097545359385966,0.43361507672449534,0.3468920613795963,6.0,-0.4285714285714286,0.2426,False,AF7_ECG,beta,EEG_ECG,1.0,0.6606517857142857
64,-0.0025664477794981005,8.759954566413004e-06,0.0027895598482939473,-0.0069008329451766826,0.00461948415246162,-0.3415245542790347,-0.2732196434232278,7.0,0.3333333333333333,0.371,False,AFz_ECG,beta,EEG_ECG,1.0,0.7912937062937063
65,-0.003200755288781283,9.291137123177643e-06,0.002410003693776262,-0.008434047068232366,0.0010471379525140668,-0.49392843994032026,-0.39514275195225623,7.0,0.3333333333333333,0.1846,False,C1_ECG,beta,EEG_ECG,1.0,0.5926631578947368
66,0.0034957311896511166,1.9802573761258744e-05,0.0025671910462129,-0.001226621903766,0.0088085061596448,0.5067628094032738,0.40541024752261906,5.0,-0.5238095238095237,0.1758,False,C2_ECG,beta,EEG_ECG,1.0,0.5704148936170214
67,-0.0032900878728166004,-5.795473518987321e-07,0.0028253760299270423,-0.00867513507099375,0.0021697611970595662,-0.4311748902260954,-0.34493991218087633,5.0,0.5238095238095237,0.255,False,C3_ECG,beta,EEG_ECG,1.0,0.6622118644067796
68,0.0035259829612992333,-1.2477062627070084e-05,0.0034328062152642618,-0.002875789072480317,0.010716867156880083,0.3890231700193413,0.31121853601547306,6.0,-0.4285714285714286,0.3462,False,C4_ECG,beta,EEG_ECG,1.0,0.7764044117647059
69,-0.005020517941197999,-1.4494382976804228e-05,0.003138769708327171,-0.0108604411468877,0.0015039470692043005,-0.6033798059839135,-0.4827038447871308,4.0,0.6190476190476191,0.1122,False,C5_ECG,beta,EEG_ECG,1.0,0.4828450704225352
70,-0.004580164739066199,8.930956198312245e-06,0.0016940584699668979,-0.00814896276577395,-0.0014711736125301831,-1.007050884692751,-0.8056407077542009,2.0,0.8095238095238095,0.0024,True,C6_ECG,beta,EEG_ECG,0.732,0.036599999999999994
71,-0.010770539429951683,-2.402000406213564e-05,0.0019491287211785679,-0.014820018547121084,-0.007302310844209199,-2.054280891698067,-1.6434247133584536,0.0,1.0,0.0,True,CP1_ECG,beta,EEG_ECG,0.0,0.0
72,0.0002939988537570501,2.1896160808096204e-06,0.002622444982178736,-0.004608349474868249,0.005601487310657301,0.042345796741522536,0.03387663739321803,10.0,0.04761904761904767,0.9186,False,CP2_ECG,beta,EEG_ECG,1.0,0.9693830508474577
73,-0.010325362764287117,-4.539380596108901e-05,0.0037656514093143585,-0.018717266510857453,-0.0038572073782406333,-1.0221618355895876,-0.8177294684716702,1.0,0.9047619047619047,0.0,True,CP3_ECG,beta,EEG_ECG,0.0,0.0
74,-0.00034774642884985023,-1.0492542230253557e-05,0.0038360022446178193,-0.00772039425426265,0.0072010403083606666,-0.034316585403058944,-0.027453268322447155,9.0,0.14285714285714285,0.905,False,CP4_ECG,beta,EEG_ECG,1.0,0.9693830508474577
75,-0.006502338790796899,-1.754042020541205e-06,0.002200085803356042,-0.011902149250907717,-0.0026252357040399167,-1.0971291951298277,-0.8777033561038622,0.0,1.0,0.0,True,CP5_ECG,beta,EEG_ECG,0.0,0.0
76,-0.003765368407103333,-1.491160715869121e-05,0.0031428040348316574,-0.00985640899330125,0.0020484152856804004,-0.44624535067240556,-0.3569962805379245,6.0,0.4285714285714286,0.2298,False,CP6_ECG,beta,EEG_ECG,1.0,0.6550373831775701
77,-0.007904256132135882,-1.5589126133135067e-05,0.003099494485210849,-0.0144530660754915,-0.0022082950830572164,-0.9484867349755021,-0.7587893879804017,2.0,0.8095238095238095,0.0058,True,CPz_ECG,beta,EEG_ECG,1.0,0.06317857142857143
78,-0.003205185142273233,-1.5266951018932332e-05,0.0016545268156907217,-0.005809798429651433,0.000794838553727533,-0.7178988835862348,-0.5743191068689878,4.0,0.6190476190476191,0.0728,False,Cz_ECG,beta,EEG_ECG,1.0,0.3895438596491228
79,-0.006675433159879974,1.4981029009398898e-05,0.0025022641007421496,-0.012713553824021173,-0.002859622114727357,-0.9956995078752634,-0.7965596063002107,1.0,0.9047619047619047,0.0002,True,F1_ECG,beta,EEG_ECG,0.061000000000000006,0.004357142857142857
80,-0.00012127560197345008,-4.1794911309183796e-06,0.002086113649631181,-0.004634443546266933,0.003609492713761583,-0.021535160119500612,-0.01722812809560049,10.0,-0.04761904761904767,0.958,False,F2_ECG,beta,EEG_ECG,1.0,0.9809127516778524
81,-0.000446863971203983,-1.4672074940269401e-05,0.002041882806561855,-0.004302829958997016,0.003740208455349517,-0.08109523539692237,-0.0648761883175379,10.0,0.04761904761904767,0.8254,False,F3_ECG,beta,EEG_ECG,1.0,0.9693830508474577
82,0.0027466655853473666,-2.471299750281871e-05,0.004281359609434521,-0.0031560326876635494,0.015228864814995899,0.23978135689911315,0.19182508551929053,10.0,0.04761904761904767,0.601,False,F4_ECG,beta,EEG_ECG,1.0,0.8930873786407766
83,-0.0024236829673513834,-1.4477549608661253e-05,0.0022843842309665345,-0.006683766346900766,0.002152240238846583,-0.392261189508633,-0.3138089516069064,7.0,0.3333333333333333,0.288,False,F5_ECG,beta,EEG_ECG,1.0,0.7027199999999999
84,0.002358240727999233,9.997798168351595e-06,0.001730931265759824,-0.0004744684488508498,0.0064972950452366314,0.5065000526998283,0.4052000421598627,7.0,-0.3333333333333333,0.1572,False,F6_ECG,beta,EEG_ECG,1.0,0.5327333333333334
85,0.0039708691601688,5.067792641202766e-06,0.004309856473214881,-0.004407070764405799,0.012305931906914883,0.3425657018856864,0.2740525615085491,7.0,-0.3333333333333333,0.3592,False,F8_ECG,beta,EEG_ECG,1.0,0.7851571428571429
86,-0.007229629738734117,-3.0484647520729637e-05,0.0034976253940365103,-0.014479505795723517,-0.0009150600231435834,-0.7668524500458799,-0.613481960036704,3.0,0.7142857142857142,0.03,True,FC1_ECG,beta,EEG_ECG,1.0,0.23179999999999998
87,0.0023761308484098165,2.0137527989612467e-05,0.002473062059252225,-0.0032153335901362336,0.0063724344698525715,0.3559241470268892,0.28473931762151133,5.0,-0.5238095238095237,0.344,False,FC2_ECG,beta,EEG_ECG,1.0,0.7764044117647059
88,-0.003417436500547434,2.845859446910879e-05,0.003325397436924863,-0.010244182132734416,0.002672739788399417,-0.38304010302925307,-0.3064320824234025,7.0,0.3333333333333333,0.3274,False,FC3_ECG,beta,EEG_ECG,1.0,0.7558496240601503
89,0.001374092898574083,9.176203560071206e-06,0.001622306988662746,-0.0014546630898647336,0.0048433837410322,0.3173629996578739,0.2538903997262991,8.0,-0.23809523809523814,0.4224,False,FC4_ECG,beta,EEG_ECG,1.0,0.812182389937107
90,-0.0026000753819075406,4.439538770783808e-06,0.0033152965118091486,-0.009750566481061141,0.0032211439647742593,-0.29190213722510616,-0.23352170978008494,9.0,0.14285714285714285,0.4684,False,FC5_ECG,beta,EEG_ECG,1.0,0.8417298850574713
91,-0.0005798216500551668,6.212721290430718e-06,0.004055735441501648,-0.006800638779870833,0.009900470543267183,-0.0534304861031346,-0.04274438888250768,9.0,0.14285714285714285,0.8462,False,FC6_ECG,beta,EEG_ECG,1.0,0.9693830508474577
92,-0.004240380346257583,2.699373516994348e-06,0.0012491105671120473,-0.006577975500774661,-0.0017430323973804335,-1.2674734188611816,-1.0139787350889453,1.0,0.9047619047619047,0.0004,True,FCz_ECG,beta,EEG_ECG,0.12200000000000001,0.008133333333333334
93,-0.0062750029622797325,8.51045632911749e-06,0.003296329665018502,-0.013307758885492432,-0.0003270434348169833,-0.7047276193513488,-0.563782095481079,2.0,0.8095238095238095,0.0428,True,FFT7h_ECG,beta,EEG_ECG,1.0,0.2777446808510638
94,0.008482760945925467,-3.0001553601513575e-06,0.003322503367979118,0.0021307415203859334,0.014834780371464998,0.9504950086816197,0.7603960069452959,2.0,-0.8095238095238095,0.0052,True,FFT8h_ECG,beta,EEG_ECG,1.0,0.061
95,0.0045105756901583,-4.233061373568742e-06,0.00299525448851754,-0.0005743388864229661,0.01178766226494025,0.5697814270260728,0.4558251416208583,10.0,-0.04761904761904767,0.1912,False,FT10_ECG,beta,EEG_ECG,1.0,0.6011958762886599
96,-0.0055700502613240345,-3.3429189376387586e-05,0.0036939982775737114,-0.011688509092863633,0.0029458580947579337,-0.5632518055786233,-0.4506014444628987,4.0,0.6190476190476191,0.143,False,FT9_ECG,beta,EEG_ECG,1.0,0.5192261904761905
97,-0.005626463850154834,1.7511159983273593e-05,0.003106769894016036,-0.012373618075943131,-9.771115062206636e-05,-0.6726294972312907,-0.5381035977850326,4.0,0.6190476190476191,0.0574,True,FTT7h_ECG,beta,EEG_ECG,1.0,0.3349245283018868
98,0.00480002093020395,3.202271219461105e-05,0.0042857485388635925,-0.0030784124928669994,0.013265801751149218,0.41624640087673803,0.3329971207013904,4.0,-0.6190476190476191,0.278,False,FTT8h_ECG,beta,EEG_ECG,1.0,0.6946129032258064
99,4.730585518303356e-05,2.0621980037052716e-05,0.0019450588925880989,-0.003933869750713766,0.003635419578699717,0.009068343260846318,0.007254674608677055,9.0,0.14285714285714285,0.9376,False,Fp1_ECG,beta,EEG_ECG,1.0,0.9693830508474577
100,-0.00572049726844695,-1.7543066160594437e-06,0.00220949256819859,-0.009949711055722501,-0.0014912834811714002,-0.9635798855367007,-0.7708639084293606,1.0,0.9047619047619047,0.008,True,Fp2_ECG,beta,EEG_ECG,1.0,0.08133333333333334
101,-0.0032431035722058333,-5.143013300638356e-06,0.003304855464853122,-0.008305785702277383,0.00467030310223185,-0.3683205391217595,-0.2946564312974076,5.0,0.5238095238095237,0.3434,False,Fz_ECG,beta,EEG_ECG,1.0,0.7764044117647059
102,-0.004632075328504583,-1.9443286995384987e-05,0.0018539287379092282,-0.00875880650965637,-0.0014068720165155832,-0.9278645710553938,-0.7422916568443151,2.0,0.8095238095238095,0.0016,True,O1_ECG,beta,EEG_ECG,0.48800000000000004,0.02711111111111111
103,-0.0017633686118377172,-2.5276090525141277e-05,0.004969755546889505,-0.011317518787508217,0.008130662300159734,-0.13410530148510852,-0.10728424118808683,9.0,0.14285714285714285,0.7338,False,O2_ECG,beta,EEG_ECG,1.0,0.9669629629629629
104,-0.004386154391403383,-2.827145422081012e-06,0.0015182660505134488,-0.00693045369248825,-0.0013149271881620999,-1.0735364617889709,-0.8588291694311767,3.0,0.7142857142857142,0.0028,True,P1_ECG,beta,EEG_ECG,0.854,0.038818181818181814
105,-0.0057875988099128335,-1.4234205034390629e-05,0.0032344771749393537,-0.010607866885680316,0.002410453270664467,-0.6741873017000697,-0.5393498413600558,4.0,0.6190476190476191,0.0894,False,P2_ECG,beta,EEG_ECG,1.0,0.4204307692307693
106,0.0006162713609713001,-3.6164294214918367e-05,0.004457758347785252,-0.006699459173322834,0.011949643327875167,0.051577360841974146,0.04126188867357932,10.0,-0.04761904761904767,0.921,False,P3_ECG,beta,EEG_ECG,1.0,0.9693830508474577
107,-0.002963981745303449,-4.2233270471248724e-05,0.005760237693078656,-0.013159066439410581,0.009351169569136437,-0.19402412286697396,-0.15521929829357917,7.0,0.3333333333333333,0.6104,False,P4_ECG,beta,EEG_ECG,1.0,0.8953412322274882
108,-0.003173380463654417,-2.2964294527693784e-05,0.0036753921234752365,-0.009464099206756617,0.00514476922919471,-0.320658021572186,-0.2565264172577488,8.0,0.23809523809523814,0.3918,False,P5_ECG,beta,EEG_ECG,1.0,0.802006711409396
109,-0.0079281404800152,-1.364571683923517e-05,0.003586379695224225,-0.014139975569687066,0.00015217315635476675,-0.8258326811876089,-0.6606661449500871,2.0,0.8095238095238095,0.0334,False,P6_ECG,beta,EEG_ECG,1.0,0.24254761904761904
110,-0.0031960084007539996,-3.635724833395094e-05,0.00347425888207247,-0.009629161000859665,0.0033548112363719494,-0.3437806725433816,-0.27502453803470533,8.0,0.23809523809523814,0.3704,False,P7_ECG,beta,EEG_ECG,1.0,0.7912937062937063
111,-0.0031942530345248333,-1.947573127029879e-05,0.0028781927895483203,-0.007951872953868283,0.003434916795126501,-0.41262089771787047,-0.3300967181742964,6.0,0.4285714285714286,0.2716,False,PO3_ECG,beta,EEG_ECG,1.0,0.6903166666666667
112,-0.0015429457821707331,-3.214403472358643e-05,0.0031346435853196694,-0.009028441004111315,0.0036675701463973996,-0.18494292673335097,-0.1479543413866808,9.0,0.14285714285714285,0.6816,False,PO4_ECG,beta,EEG_ECG,1.0,0.919858407079646
113,-0.012161963693262433,-3.666856845352742e-05,0.005685393706770047,-0.02248447597282612,-0.00021990551668221608,-0.7985633726953383,-0.6388506981562707,2.0,0.8095238095238095,0.0316,True,PO7_ECG,beta,EEG_ECG,1.0,0.23507317073170736
114,-0.0080861271217728,-5.459321113608813e-05,0.0047931124945265495,-0.019996752867205203,-0.00089456419645185,-0.6360416019789129,-0.5088332815831303,2.0,0.8095238095238095,0.0536,True,PO8_ECG,beta,EEG_ECG,1.0,0.32054901960784316
115,-0.010450988585387214,-3.271098970871432e-05,0.003158639922868248,-0.01623079657257887,-0.004119538565049221,-1.2355405698155728,-0.9884324558524583,1.0,0.9047619047619047,0.0002,True,POz_ECG,beta,EEG_ECG,0.061000000000000006,0.004357142857142857
116,-0.004837629011339168,-2.66415467667638e-05,0.0031653191391659953,-0.010580346712185267,0.0018107893291425762,-0.5666816293757299,-0.4533453035005839,4.0,0.6190476190476191,0.1384,False,Pz_ECG,beta,EEG_ECG,1.0,0.5192261904761905
117,-0.0033578100389814332,-2.8028357317725575e-05,0.0038959913809273115,-0.010489352117900282,0.004711796866663133,-0.32392537702383956,-0.25914030161907164,6.0,0.4285714285714286,0.4034,False,TP10_ECG,beta,EEG_ECG,1.0,0.809453947368421
118,-0.0023984537771416666,-2.0412543895028876e-05,0.003425626886007097,-0.0080568248861331,0.005276751214377366,-0.26146472917766683,-0.2091717833421335,8.0,0.23809523809523814,0.4934,False,TP9_ECG,beta,EEG_ECG,1.0,0.8502090395480226
119,-0.008105799832863017,-2.4146950068830095e-05,0.0024247103351706222,-0.012826409150966481,-0.003424386856133012,-1.2444561600485655,-0.9955649280388524,1.0,0.9047619047619047,0.0,True,TPP7h_ECG,beta,EEG_ECG,0.0,0.0
120,-0.004978352292271033,-6.95906160759225e-06,0.0034780633191487925,-0.011388752569505667,0.002019137644879834,-0.5386688706323814,-0.43093509650590517,4.0,0.6190476190476191,0.1568,False,TPP8h_ECG,beta,EEG_ECG,1.0,0.5327333333333334
121,-0.0019668409317353166,-2.4938702963862858e-05,0.002702393908807682,-0.0073477466494879,0.003596939112517034,-0.2747347289329933,-0.21978778314639463,6.0,0.4285714285714286,0.4802,False,TTP8h_ECG,beta,EEG_ECG,1.0,0.8417298850574713
122,-0.010841649470243034,4.9908587341773725e-05,0.007618402821984071,-0.025973981925972032,0.0030206800777686487,-0.5335689821384358,-0.4268551857107487,4.0,0.6190476190476191,0.1424,False,AF3_ECG,delta,EEG_ECG,1.0,0.5192261904761905
123,-0.016800221204224034,6.412735805452069e-05,0.010851792011241444,-0.041796122215612186,0.0011258731277662831,-0.5830445581738422,-0.46643564653907377,4.0,0.6190476190476191,0.1006,False,AF4_ECG,delta,EEG_ECG,1.0,0.457955223880597
124,-0.013174877183642316,6.361972428063807e-05,0.011270468514535323,-0.03707626306905782,0.006763086391156117,-0.437625738299802,-0.3501005906398416,6.0,0.4285714285714286,0.2528,False,AF7_ECG,delta,EEG_ECG,1.0,0.6622118644067796
125,-0.003540838514408984,7.163411732907972e-05,0.0102635722331364,-0.0254251531323449,0.01467543034292835,-0.12854822271760952,-0.10283857817408762,8.0,0.23809523809523814,0.77,False,AFz_ECG,delta,EEG_ECG,1.0,0.9669629629629629
126,-0.015290934280089282,2.132752080668751e-05,0.008509604578538915,-0.03412836504413263,-0.00028995198453619946,-0.667605651820373,-0.5340845214562985,3.0,0.7142857142857142,0.0582,True,C1_ECG,delta,EEG_ECG,1.0,0.3349245283018868
127,-0.015902559167120633,3.7082257246395106e-05,0.006333263910792322,-0.028361608545159168,-0.004159814951802483,-0.9445571728550791,-0.7556457382840633,2.0,0.8095238095238095,0.0098,True,C2_ECG,delta,EEG_ECG,1.0,0.09340625
128,-0.01751650285266815,1.4709842927795175e-05,0.008038626565035314,-0.0317059753273742,0.0007159100374589391,-0.8133754560366041,-0.6507003648292833,2.0,0.8095238095238095,0.0414,False,C3_ECG,delta,EEG_ECG,1.0,0.27449999999999997
129,-0.008297836668815183,7.85759303153881e-06,0.007131481358256467,-0.028779222495382718,0.0016469569135827502,-0.43545819913204453,-0.34836655930563565,8.0,0.23809523809523814,0.2484,False,C4_ECG,delta,EEG_ECG,1.0,0.6609217391304348
130,-0.01325302555946835,5.934912782242993e-06,0.005594646759429332,-0.026284923483863087,-0.004173854672621666,-0.8795330691512306,-0.7036264553209846,2.0,0.8095238095238095,0.0026,True,C5_ECG,delta,EEG_ECG,0.7929999999999999,0.03776190476190476
131,-0.011805053750016115,5.830996877190936e-05,0.01005081218754718,-0.034962731248235415,0.004786852833658183,-0.4388739186744417,-0.35109913493955336,8.0,0.23809523809523814,0.2562,False,C6_ECG,delta,EEG_ECG,1.0,0.6622118644067796
132,-0.020086059182219302,3.8006203334880334e-05,0.007332435273705991,-0.035024649212978404,-0.0067978929982608,-1.0251106572743645,-0.8200885258194917,3.0,0.7142857142857142,0.0036,True,CP1_ECG,delta,EEG_ECG,1.0,0.04574999999999999
133,-0.008591187201335783,9.93431256948972e-05,0.009225739646184448,-0.022367934567597114,0.013112442222596768,-0.34979730351631166,-0.27983784281304935,5.0,0.5238095238095237,0.3504,False,CP2_ECG,delta,EEG_ECG,1.0,0.7800875912408759
134,-0.0216376855968945,3.7773372296510954e-05,0.007404517183759286,-0.038524413772232896,-0.0087836022909894,-1.087122181301189,-0.8696977450409513,1.0,0.9047619047619047,0.0,True,CP3_ECG,delta,EEG_ECG,0.0,0.0
135,-0.012609949990455884,2.8953927204096452e-05,0.010471977715664466,-0.040456025791350374,0.0030395995615146673,-0.4499329436670704,-0.35994635493365634,7.0,0.3333333333333333,0.2322,False,CP4_ECG,delta,EEG_ECG,1.0,0.65575
136,-0.017610029480453187,0.00010183357688442127,0.012054401656335282,-0.04045148292299077,0.007122253721576016,-0.5481019972811181,-0.4384815978248945,5.0,0.5238095238095237,0.1466,False,CP5_ECG,delta,EEG_ECG,1.0,0.5260352941176472
137,-0.016510618471046967,4.364013136868433e-05,0.01014719591083503,-0.04101732601173766,-2.9875080218650107e-05,-0.6106177450457625,-0.48849419603661004,3.0,0.7142857142857142,0.0838,True,CP6_ECG,delta,EEG_ECG,1.0,0.41716129032258065
138,-0.008399908680620667,3.343294953251329e-05,0.009425512561516884,-0.03003617917043235,0.007117201284171699,-0.33258990528171006,-0.2660719242253681,8.0,0.23809523809523814,0.3908,False,CPz_ECG,delta,EEG_ECG,1.0,0.802006711409396
139,-0.002720129509624351,4.127771504658156e-05,0.010030070217192662,-0.025643668744798852,0.013864643628988585,-0.10156316473600883,-0.08125053178880708,10.0,-0.04761904761904767,0.8306,False,Cz_ECG,delta,EEG_ECG,1.0,0.9693830508474577
140,-5.6278701355465775e-05,8.001164582177788e-06,0.008017404707727148,-0.015616874895744917,0.0153789430723226,-0.0025986688456602833,-0.0020789350765282265,10.0,0.04761904761904767,0.9884,False,F1_ECG,delta,EEG_ECG,1.0,0.9940592105263157
141,-0.022918824282181866,1.6886172488572715e-05,0.010497831181218357,-0.050379510760941305,-0.006713223275620634,-0.8168569742966465,-0.6534855794373172,2.0,0.8095238095238095,0.0032,True,F2_ECG,delta,EEG_ECG,0.9760000000000001,0.042434782608695654
142,-0.017159273308856315,4.967493109301474e-05,0.010152995512828694,-0.03932978468711742,0.0006070377769300175,-0.6287238530164145,-0.5029790824131316,5.0,0.5238095238095237,0.0772,False,F3_ECG,delta,EEG_ECG,1.0,0.40596551724137936
143,-0.018546454742884518,3.743927575731304e-05,0.011124227537402701,-0.05188260969028937,-0.0029688094279532676,-0.6247621191850549,-0.4998096953480439,3.0,0.7142857142857142,0.0346,True,F4_ECG,delta,EEG_ECG,1.0,0.2454186046511628
144,-0.014904290829975152,2.2010552599005875e-05,0.005368953998649482,-0.027996421066707165,-0.006141041251273117,-1.0440074266796084,-0.8352059413436868,1.0,0.9047619047619047,0.0006,True,F5_ECG,delta,EEG_ECG,0.183,0.0114375
145,-0.010865385802552868,6.101798182371783e-05,0.008920927963756124,-0.030772070067464023,0.004837842283381233,-0.4586798859272335,-0.36694390874178684,5.0,0.5238095238095237,0.2372,False,F6_ECG,delta,EEG_ECG,1.0,0.6583603603603604
146,-0.015325752351937469,7.541198583461625e-05,0.012754475585684398,-0.04469603805277055,0.0060349498381792,-0.45153280706531307,-0.3612262456522505,6.0,0.4285714285714286,0.2252,False,F8_ECG,delta,EEG_ECG,1.0,0.6479811320754717
147,-0.01196893003161445,5.788175454083701e-05,0.007741722442544775,-0.028238723095058853,0.0024809306285698504,-0.5774607260919828,-0.4619685808735863,4.0,0.6190476190476191,0.1116,False,FC1_ECG,delta,EEG_ECG,1.0,0.4828450704225352
148,-0.01803465332379828,6.818783960906363e-05,0.009942884560626381,-0.04105699842249708,-0.0005882363741106829,-0.6826847529238754,-0.5461478023391003,2.0,0.8095238095238095,0.0478,True,FC2_ECG,delta,EEG_ECG,1.0,0.29158000000000006
149,-0.005683327172483249,4.281680794753894e-05,0.009751471522140183,-0.03288061622490148,0.007938738855254734,-0.218557054230469,-0.17484564338437522,10.0,0.04761904761904767,0.6168,False,FC3_ECG,delta,EEG_ECG,1.0,0.8953412322274882
150,-0.017921344651042902,7.4949500751160525e-06,0.006664888068945126,-0.03309739631060857,-0.006703756946029299,-1.0043392714947694,-0.8034714171958156,1.0,0.9047619047619047,0.0,True,FC4_ECG,delta,EEG_ECG,0.0,0.0
151,-0.00962313398451335,3.380586985993195e-05,0.008594042860455163,-0.0288704565394448,0.0051502036777365,-0.4172015263628783,-0.3337612210903027,7.0,0.3333333333333333,0.2762,False,FC5_ECG,delta,EEG_ECG,1.0,0.6946129032258064
152,-0.015951496006992583,4.952776912416079e-05,0.009055748246237071,-0.03459446442507485,0.0009219310834047666,-0.6611671576647891,-0.5289337261318313,5.0,0.5238095238095237,0.072,False,FC6_ECG,delta,EEG_ECG,1.0,0.3895438596491228
153,-0.011315901421129216,5.903974096673793e-05,0.00964761825620728,-0.030951913460109,0.006830548395042019,-0.443060991685111,-0.3544487933480888,7.0,0.3333333333333333,0.2492,False,FCz_ECG,delta,EEG_ECG,1.0,0.6609217391304348
154,-0.011781568804863167,5.199420640297249e-05,0.00683723457167458,-0.024537319495454697,0.0023320408926625004,-0.6484765556583875,-0.51878124452671,4.0,0.6190476190476191,0.091,False,FFT7h_ECG,delta,EEG_ECG,1.0,0.42053030303030303
155,-0.020241203012588836,-1.6088362643863763e-05,0.011597601298122854,-0.05247587426136155,-0.0032663011150362666,-0.6498817984785024,-0.5199054387828019,3.0,0.7142857142857142,0.0102,True,FFT8h_ECG,delta,EEG_ECG,1.0,0.09427272727272727
156,-0.019516095432350365,-1.4808284646578712e-05,0.008159599962854187,-0.04078519784219935,-0.00661187031079175,-0.8935167711868797,-0.7148134169495037,1.0,0.9047619047619047,0.0002,True,FT10_ECG,delta,EEG_ECG,0.061000000000000006,0.004357142857142857
157,-0.008537541293403185,2.4387181346844505e-05,0.009830716146287515,-0.0297517955305471,0.008741051879932831,-0.3245537235657632,-0.25964297885261056,7.0,0.3333333333333333,0.3884,False,FT9_ECG,delta,EEG_ECG,1.0,0.802006711409396
158,-0.01024662812692925,6.0553391899136055e-05,0.007359835612141559,-0.02346756914056063,0.005933033803808649,-0.5205734071604443,-0.41645872572835546,4.0,0.6190476190476191,0.1518,False,FTT7h_ECG,delta,EEG_ECG,1.0,0.5309772727272727
159,-0.02165907482548593,-7.937365070195823e-06,0.008231541697233112,-0.043446091961445554,-0.009164525360842416,-0.9778156830100188,-0.782252546408015,1.0,0.9047619047619047,0.0,True,FTT8h_ECG,delta,EEG_ECG,0.0,0.0
160,-0.0005194365926728999,6.43488848128097e-05,0.006527048407795536,-0.011246409429871831,0.014610211715866017,-0.02995427409978961,-0.02396341927983169,9.0,0.14285714285714285,0.8606,False,Fp1_ECG,delta,EEG_ECG,1.0,0.9693830508474577
161,-0.018171131928402782,6.29361893963315e-06,0.00702819481877705,-0.035134119085583594,-0.0066549833731687005,-0.9708566995578883,-0.7766853596463107,0.0,1.0,0.0,True,Fp2_ECG,delta,EEG_ECG,0.0,0.0
162,-0.019856808218789084,5.194879811080619e-05,0.009084974320239499,-0.03719140760870473,-0.0022704683487961503,-0.8188274732545584,-0.6550619786036468,2.0,0.8095238095238095,0.0244,True,Fz_ECG,delta,EEG_ECG,1.0,0.20113513513513515
163,-0.01344331622621805,5.3065915152115256e-05,0.010818972081416916,-0.036464974176486836,0.0057241549742423166,-0.46512656495819543,-0.37210125196655636,6.0,0.4285714285714286,0.2196,False,O1_ECG,delta,EEG_ECG,1.0,0.6378857142857143
164,-0.01709356789082513,2.5026002181214452e-05,0.008948876211960482,-0.03733727216755638,-0.0012116702989404668,-0.7102102895816395,-0.5681682316653116,6.0,0.4285714285714286,0.0368,True,O2_ECG,delta,EEG_ECG,1.0,0.2494222222222222
165,-0.016119697092357863,-2.5728087168844227e-06,0.007503149688207048,-0.03496812998007825,-0.0031120736289642994,-0.7979993469729703,-0.6383994775783762,0.0,1.0,0.0,True,P1_ECG,delta,EEG_ECG,0.0,0.0
166,-0.021723451465810135,4.927850066764605e-05,0.008227874333665666,-0.039484699637119314,-0.0068947803773659515,-0.9937597546641456,-0.7950078037313165,1.0,0.9047619047619047,0.0054,True,P2_ECG,delta,EEG_ECG,1.0,0.061000000000000006
167,-0.010503997201079899,1.2974640533115062e-05,0.005813195671249727,-0.02422564624936306,-0.0009862021965517161,-0.6797160257354498,-0.5437728205883599,5.0,0.5238095238095237,0.0444,True,P3_ECG,delta,EEG_ECG,1.0,0.27885714285714286
168,-0.009827919485804333,5.2718316658179054e-05,0.01170185243362676,-0.03422684474576378,0.011456484005823234,-0.3161182102230077,-0.25289456817840616,7.0,0.3333333333333333,0.423,False,P4_ECG,delta,EEG_ECG,1.0,0.812182389937107
169,-0.02087395124138128,4.777920380744094e-05,0.007025726198542953,-0.03615768756169888,-0.008675288144732007,-1.113107113599286,-0.8904856908794289,1.0,0.9047619047619047,0.0014,True,P5_ECG,delta,EEG_ECG,0.427,0.02511764705882353
170,-0.012375358958112733,7.086829650241634e-05,0.007816342787586968,-0.026266693021348837,0.0042575444782746155,-0.5888176412412863,-0.4710541129930291,3.0,0.7142857142857142,0.1304,False,P6_ECG,delta,EEG_ECG,1.0,0.5073037974683544
171,-0.017874678903711583,4.4802568410277216e-05,0.009013307399207455,-0.03727424066625756,-0.001472258108606467,-0.738476124796795,-0.5907808998374361,3.0,0.7142857142857142,0.0356,True,P7_ECG,delta,EEG_ECG,1.0,0.24677272727272725
172,-0.0156705872324433,3.675808654179935e-05,0.0065105466852775655,-0.0292778126518954,-0.004061728408896815,-0.8953607158002755,-0.7162885726402205,3.0,0.7142857142857142,0.009,True,PO3_ECG,delta,EEG_ECG,1.0,0.08854838709677419
173,-0.007817503117898316,1.8846770319090947e-05,0.00956734703468257,-0.03132652400037373,0.007263977294980667,-0.305141291863466,-0.24411303349077282,8.0,0.23809523809523814,0.4356,False,PO4_ECG,delta,EEG_ECG,1.0,0.8252049689440993
174,-0.0148714708224503,1.457543878763054e-06,0.009155056922227569,-0.036436395106579006,-0.00011568519667955017,-0.6066025594204913,-0.4852820475363931,4.0,0.6190476190476191,0.0848,True,PO7_ECG,delta,EEG_ECG,1.0,0.41716129032258065
175,-0.006342047782061634,1.0316761312375786e-05,0.011508966654390187,-0.03304663380978078,0.013299891795784334,-0.20605149641421194,-0.16484119713136958,8.0,0.23809523809523814,0.5832,False,PO8_ECG,delta,EEG_ECG,1.0,0.8849552238805971
176,-0.02348436731796415,4.342470398697312e-05,0.00916350259651478,-0.043073596144940364,-0.007099767206958765,-0.9630502755740583,-0.7704402204592466,2.0,0.8095238095238095,0.0038,True,POz_ECG,delta,EEG_ECG,1.0,0.046360000000000005
177,-0.013523930452820526,7.417456628684878e-05,0.01204366681459415,-0.03727188531124375,0.009002191946825208,-0.4203259832838847,-0.3362607866271078,5.0,0.5238095238095237,0.2682,False,Pz_ECG,delta,EEG_ECG,1.0,0.6874033613445378
178,-0.01430089738493987,4.033263862307512e-05,0.010556399112727486,-0.035382027175265,0.0062395051093465164,-0.5075103038336279,-0.40600824306690236,7.0,0.3333333333333333,0.1944,False,TP10_ECG,delta,EEG_ECG,1.0,0.6050204081632653
179,-0.0059622549921770325,5.450794642521562e-05,0.009050890673902063,-0.024938482058579164,0.01065778674431235,-0.24551439288130703,-0.19641151430504564,7.0,0.3333333333333333,0.4764,False,TP9_ECG,delta,EEG_ECG,1.0,0.8417298850574713
180,-0.01280243992338563,2.7684417566559497e-05,0.005751959431143172,-0.025074951374858212,-0.0027902546448728646,-0.8290699847426958,-0.6632559877941566,2.0,0.8095238095238095,0.0126,True,TPP7h_ECG,delta,EEG_ECG,1.0,0.11302941176470588
181,-0.016900103138854383,5.143261454503695e-05,0.00987632201483989,-0.037239528577717194,0.0009172542744425161,-0.6369962137463739,-0.5095969709970992,4.0,0.6190476190476191,0.0896,False,TPP8h_ECG,delta,EEG_ECG,1.0,0.4204307692307693
182,-0.010937270656624002,3.0650958693645425e-06,0.008261748666771382,-0.03644260970427008,0.00023999283032133333,-0.49510911374951044,-0.3960872909996084,5.0,0.5238095238095237,0.1262,False,TTP8h_ECG,delta,EEG_ECG,1.0,0.5014675324675324
183,-0.00044688034461368354,-1.612829225738552e-05,0.003395342840909943,-0.008160496127806302,0.005294779430719033,-0.049245596673123414,-0.039396477338498735,10.0,0.04761904761904767,0.9118,False,AF3_ECG,gamma,EEG_ECG,1.0,0.9693830508474577
184,-0.0018765894640359502,7.974370780320077e-06,0.0013677743869396123,-0.005015006471492701,0.0003404396708919834,-0.5109780554844835,-0.4087824443875868,6.0,0.4285714285714286,0.1532,False,AF4_ECG,gamma,EEG_ECG,1.0,0.5309772727272727
185,0.0010297941378203833,-3.2748738585783874e-05,0.0031157796321446083,-0.0048530852427848,0.007010006059045784,0.12303724924754668,0.09842979939803735,10.0,-0.04761904761904767,0.7704,False,AF7_ECG,gamma,EEG_ECG,1.0,0.9669629629629629
186,0.00099692699982055,-1.2372292311373318e-05,0.0021263011809535743,-0.003637321159047384,0.004627570874480233,0.1745673308178621,0.1396538646542897,7.0,-0.3333333333333333,0.6236,False,AFz_ECG,gamma,EEG_ECG,1.0,0.8971603773584906
187,0.0011883816148741833,9.331512785936986e-06,0.0018087390446575981,-0.002241692912926117,0.0048136144083413416,0.24388219787114818,0.19510575829691856,8.0,-0.23809523809523814,0.5204,False,C1_ECG,gamma,EEG_ECG,1.0,0.8742228260869565
188,-0.003913823733704567,1.309871537388341e-05,0.0014306895405370346,-0.006531931441984567,-0.0008869885394001833,-1.0154856025098522,-0.8123884820078818,2.0,0.8095238095238095,0.0068,True,C2_ECG,gamma,EEG_ECG,1.0,0.07151724137931034
189,-0.007167708500440516,-2.3059901330607993e-06,0.006261880984878034,-0.02599276829014378,0.0015436079191910165,-0.42672225091678584,-0.3413778007334287,5.0,0.5238095238095237,0.2396,False,C3_ECG,gamma,EEG_ECG,1.0,0.6583603603603604
190,-0.0010421125395745333,-1.0305636686463266e-05,0.002301312306397117,-0.006226915124772966,0.0029818440487864,-0.1684172312272449,-0.13473378498179592,9.0,0.14285714285714285,0.6542,False,C4_ECG,gamma,EEG_ECG,1.0,0.9111004566210046
191,-0.01567982283405005,-8.160344764937197e-05,0.009693422202919733,-0.03720823633397185,0.0010380360495691728,-0.6014947331657207,-0.48119578653257655,5.0,0.5238095238095237,0.0786,False,C5_ECG,gamma,EEG_ECG,1.0,0.40632203389830507
192,0.003447403996916733,-1.0624213367305905e-05,0.0033937795021315655,-0.003465281571707695,0.009887396824081384,0.3794947704895484,0.30359581639163874,8.0,-0.23809523809523814,0.292,False,C6_ECG,gamma,EEG_ECG,1.0,0.7046220472440945
193,-0.0007842802534117167,4.800424475904738e-06,0.0012929207085331336,-0.00294724712486515,0.002231671609964833,-0.2263586917779973,-0.18108695342239786,7.0,0.3333333333333333,0.5316,False,CP1_ECG,gamma,EEG_ECG,1.0,0.8764216216216215
194,0.0013232590091038162,3.7088294733344726e-06,0.0019321624282375976,-0.0014653055509063334,0.006775244838215466,0.2558302957509135,0.2046642366007308,10.0,0.04761904761904767,0.5492,False,CP2_ECG,gamma,EEG_ECG,1.0,0.8776335078534031
195,-0.0019474700276941254,7.236312142795643e-06,0.0009555639523482309,-0.0049047009931019086,-0.0006776825219561499,-0.7566946371604524,-0.605355709728362,0.0,1.0,0.0,True,CP3_ECG,gamma,EEG_ECG,0.0,0.0
196,-0.0009637577220808334,1.3687422408309034e-05,0.0018794338988336271,-0.004726725229037799,0.002475834947719,-0.190784437243612,-0.1526275497948896,8.0,0.23809523809523814,0.6134,False,CP4_ECG,gamma,EEG_ECG,1.0,0.8953412322274882
197,0.005629727113212417,9.914925081333688e-05,0.007118262843328303,-0.0041734319616783,0.02611939036330893,0.2947760927412064,0.23582087419296516,9.0,-0.14285714285714285,0.4868,False,CP5_ECG,gamma,EEG_ECG,1.0,0.8436022727272727
198,0.0015634764628779168,-7.375160946355205e-06,0.001953698306770713,-0.002227407760566117,0.005207738491670301,0.3000523419696281,0.2400418735757025,7.0,-0.3333333333333333,0.4234,False,CP6_ECG,gamma,EEG_ECG,1.0,0.812182389937107
199,-0.0019786013477929,1.4327555998977504e-05,0.002266839936412309,-0.006968696431657733,0.0019973586853217996,-0.32651608091820733,-0.2612128647345659,7.0,0.3333333333333333,0.4114,False,CPz_ECG,gamma,EEG_ECG,1.0,0.812182389937107
200,-0.00024731440318399986,6.831264402069686e-06,0.002959902253470266,-0.0052198677380385005,0.0063259309488583005,-0.03103460418063851,-0.024827683344510812,9.0,0.14285714285714285,0.8388,False,Cz_ECG,gamma,EEG_ECG,1.0,0.9693830508474577
201,-0.0004780961255595167,7.670316908190702e-06,0.0029565859631025203,-0.0065386785643412665,0.004989753214602933,-0.06004757460570104,-0.04803805968456083,9.0,0.14285714285714285,0.8906,False,F1_ECG,gamma,EEG_ECG,1.0,0.9693830508474577
202,-0.001746167443282584,-1.577202141682171e-05,0.0023323772680556697,-0.0059105731860656175,0.003823581371221916,-0.27797539431555474,-0.2223803154524438,6.0,0.4285714285714286,0.4558,False,F2_ECG,gamma,EEG_ECG,1.0,0.8417298850574713
203,0.008225961507528683,0.00010429619486536541,0.008511384953354484,-0.0028270349669013164,0.03492875423192118,0.3628812480682238,0.2903049984545791,8.0,-0.23809523809523814,0.3974,False,F3_ECG,gamma,EEG_ECG,1.0,0.8080466666666666
204,-0.0019732350195163163,-1.1755283455561118e-05,0.002248097565043933,-0.007642102708790373,0.0015691229574969663,-0.32681400548704986,-0.2614512043896399,8.0,0.23809523809523814,0.383,False,F4_ECG,gamma,EEG_ECG,1.0,0.802006711409396
205,-0.0011634902467343,-2.7732063799914067e-06,0.0008956826730886946,-0.0025857571909721666,0.0009551886057834836,-0.4818054381916814,-0.38544435055334514,5.0,0.5238095238095237,0.2156,False,F5_ECG,gamma,EEG_ECG,1.0,0.6378857142857143
206,-0.0010236468014996833,-2.566731493724647e-05,0.002369672400140191,-0.005997176985082467,0.0031551590961169163,-0.16093986417672967,-0.12875189134138373,9.0,0.14285714285714285,0.6602,False,F6_ECG,gamma,EEG_ECG,1.0,0.91389592760181
207,-1.2833680906825426e-05,1.0145882014721226e-05,0.001514907787563588,-0.0031189257149056003,0.0027403311531548663,-0.003146423782515599,-0.0025171390260124793,10.0,0.04761904761904767,0.9968,False,F8_ECG,gamma,EEG_ECG,1.0,0.9968
208,0.014385264699212516,0.00019805250625111286,0.015098430461829331,-0.003260082945769767,0.06367443427028373,0.3574866487200086,0.28598931897600693,9.0,0.14285714285714285,0.6284,False,FC1_ECG,gamma,EEG_ECG,1.0,0.8990373831775701
209,0.00023445049126768333,-4.419657247108815e-06,0.001262004226916779,-0.0016676601186644666,0.0033376571280910165,0.06935127386797399,0.05548101909437919,9.0,0.14285714285714285,0.9188,False,FC2_ECG,gamma,EEG_ECG,1.0,0.9693830508474577
210,5.697735155136644e-05,-7.4013050779850835e-06,0.0017523891304905056,-0.00264147467912835,0.004494264087379816,0.012087933844970743,0.009670347075976596,8.0,0.23809523809523814,0.9704,False,FC3_ECG,gamma,EEG_ECG,1.0,0.9832956810631229
211,-0.0025681055421707334,6.029805075132271e-06,0.0014999970009888677,-0.005888268826872632,7.982615335916665e-05,-0.6372832637562701,-0.5098266110050161,5.0,0.5238095238095237,0.0874,False,FC4_ECG,gamma,EEG_ECG,1.0,0.4204307692307693
212,0.006194210414561384,8.443271553009238e-05,0.006738676407685558,-0.0024625840398524944,0.027687945259893185,0.34547230602241263,0.2763778448179301,10.0,0.04761904761904767,0.4974,False,FC5_ECG,gamma,EEG_ECG,1.0,0.8522865168539326
213,-0.0004166737951816502,-1.8622465509455783e-05,0.0023221836710952096,-0.004717646782519899,0.0046672577737614,-0.0668650267264071,-0.05349202138112568,9.0,0.14285714285714285,0.8204,False,FC6_ECG,gamma,EEG_ECG,1.0,0.9693830508474577
214,-0.0013722172045764662,1.710747914082265e-06,0.0013558250699740675,-0.004232773429757582,0.0011065438190136668,-0.3764415569366279,-0.30115324554930234,4.0,0.6190476190476191,0.2934,False,FCz_ECG,gamma,EEG_ECG,1.0,0.7046220472440945
215,0.00217134949425995,-2.8066181832872312e-05,0.008286980695907605,-0.015967058910914534,0.017107644623277875,0.09720946815912843,0.07776757452730275,7.0,-0.3333333333333333,0.738,False,FFT7h_ECG,gamma,EEG_ECG,1.0,0.9669629629629629
216,-0.0033534204562778998,5.124612193209768e-06,0.0021308274234199346,-0.009103584256483483,-0.0001411077184416328,-0.5866409707945618,-0.46931277663564946,4.0,0.6190476190476191,0.0694,True,FFT8h_ECG,gamma,EEG_ECG,1.0,0.38485454545454545
217,0.0013550591001886168,-2.118856771359326e-06,0.0021149434972538793,-0.0039738587588552,0.004599449376963367,0.23806900470149644,0.19045520376119718,7.0,-0.3333333333333333,0.51,False,FT10_ECG,gamma,EEG_ECG,1.0,0.8641666666666667
218,-0.001996975370349683,8.262164500671965e-06,0.0012453957352111338,-0.0048488125352439656,0.00013566945661851667,-0.5978782509165504,-0.4783026007332404,5.0,0.5238095238095237,0.1064,False,FT9_ECG,gamma,EEG_ECG,1.0,0.47723529411764704
219,-0.0022983468129789,-2.9082472255190835e-05,0.0021528608401304604,-0.007930988790593832,0.0009414889563823336,-0.3979154003212442,-0.31833232025699537,8.0,0.23809523809523814,0.2824,False,FTT7h_ECG,gamma,EEG_ECG,1.0,0.6946129032258064
220,-0.002720586796860517,1.2919222431755431e-05,0.001116521551675465,-0.004298067523617901,0.00040760176815276644,-0.91475008180685,-0.73180006544548,1.0,0.9047619047619047,0.0172,False,FTT8h_ECG,gamma,EEG_ECG,1.0,0.14572222222222223
221,0.009020212915198634,8.350419869944566e-05,0.00711445846700841,-0.0009967358844163831,0.0302994179044356,0.4754443349641733,0.3803554679713387,6.0,-0.4285714285714286,0.1752,False,Fp1_ECG,gamma,EEG_ECG,1.0,0.5704148936170214
222,-0.0007251281978920329,-5.645763845700969e-06,0.002617448647585656,-0.006681520417095899,0.003680236357360717,-0.10354076044654982,-0.08283260835723986,10.0,0.04761904761904767,0.8054,False,Fp2_ECG,gamma,EEG_ECG,1.0,0.9693830508474577
223,0.0016407594512742668,-2.743720109937885e-05,0.002198751401240968,-0.004162560069404416,0.005206283627182466,0.27911171205544516,0.22328936964435614,7.0,-0.3333333333333333,0.4158,False,Fz_ECG,gamma,EEG_ECG,1.0,0.812182389937107
224,0.00048062555365607627,-2.8349264431330994e-06,0.001232467551499144,-0.0018830642566058382,0.0028792835072047334,0.145818019561118,0.11665441564889441,9.0,-0.14285714285714285,0.6938,False,O1_ECG,gamma,EEG_ECG,1.0,0.9321982378854625
225,-0.001465611667542983,2.1278481783814675e-06,0.002299483872547008,-0.005729025103755417,0.003394365062436652,-0.23784057293687147,-0.1902724583494972,6.0,0.4285714285714286,0.5274,False,O2_ECG,gamma,EEG_ECG,1.0,0.8742228260869565
226,-0.0020491634273801,-5.1834652389580894e-05,0.004768221344785253,-0.012959304933449517,0.006131810541166834,-0.16105616790427388,-0.12884493432341912,9.0,0.14285714285714285,0.699,False,P1_ECG,gamma,EEG_ECG,1.0,0.9350657894736841
227,-0.0030249583650429333,2.438078006133243e-06,0.002524877766738708,-0.009367790788234466,0.0008324527077605833,-0.4492684453744755,-0.3594147562995804,7.0,0.3333333333333333,0.2396,False,P2_ECG,gamma,EEG_ECG,1.0,0.6583603603603604
228,0.002201339835133015,-3.3060589121588005e-07,0.019153570895055195,-0.03452248267393308,0.04304341478507537,0.0430136298447479,0.03441090387579832,10.0,0.04761904761904767,0.9022,False,P3_ECG,gamma,EEG_ECG,1.0,0.9693830508474577
229,-0.002544729582816567,1.2449043629562083e-05,0.0025022502594463825,-0.008101849582510433,0.0017399004656403164,-0.3813883289852589,-0.3051106631882071,7.0,0.3333333333333333,0.3296,False,P4_ECG,gamma,EEG_ECG,1.0,0.7558496240601503
230,-0.0071272532378421835,-4.161132810013256e-05,0.003769599553277172,-0.0171708750465791,-0.0015521966873045668,-0.7140309720043295,-0.5712247776034637,3.0,0.7142857142857142,0.014,True,P5_ECG,gamma,EEG_ECG,1.0,0.122
231,0.00044234447035626626,4.7337606806073594e-05,0.004058278855124019,-0.005366938885812383,0.010020081160238267,0.04079992521205185,0.03263994016964148,7.0,0.3333333333333333,0.9142,False,P6_ECG,gamma,EEG_ECG,1.0,0.9693830508474577
232,-0.0003290419845338166,-3.1208254725420027e-06,0.002662052588350702,-0.009009174414901198,0.0029705945805274334,-0.04634584213957221,-0.03707667371165777,6.0,-0.4285714285714286,0.8528,False,P7_ECG,gamma,EEG_ECG,1.0,0.9693830508474577
233,-0.00016628949443073335,1.4410250048774295e-07,0.001926579319187762,-0.00316986224416765,0.004505071691745883,-0.032570757626239163,-0.026056606100991333,8.0,0.23809523809523814,0.8836,False,PO3_ECG,gamma,EEG_ECG,1.0,0.9693830508474577
234,-0.005200224336927299,-1.944944172240469e-05,0.002910369730437735,-0.010840020423159999,0.00041394180970193297,-0.6639469776284449,-0.531157582102756,4.0,0.6190476190476191,0.0688,False,PO4_ECG,gamma,EEG_ECG,1.0,0.38485454545454545
235,-0.0018251717454177167,-5.832592717455081e-06,0.00119273163327215,-0.0039991444442851335,0.0005860914225946997,-0.578865831381139,-0.4630926651049112,4.0,0.6190476190476191,0.1266,False,PO7_ECG,gamma,EEG_ECG,1.0,0.5014675324675324
236,-0.0011395712007398506,2.4219105714874158e-06,0.0016305102729777048,-0.003813789216858284,0.002704033172470433,-0.26185057222463054,-0.20948045777970445,7.0,0.3333333333333333,0.4846,False,PO8_ECG,gamma,EEG_ECG,1.0,0.8436022727272727
237,0.0011000842339747166,2.3306143341365534e-06,0.0013527205055189969,-0.0008948235065433834,0.004726710121970219,0.3042816538681353,0.24342532309450826,8.0,-0.23809523809523814,0.4696,False,POz_ECG,gamma,EEG_ECG,1.0,0.8417298850574713
238,0.007075445172950018,0.00011248711866531508,0.008404966493789003,-0.0039716284867166,0.03334462928818389,0.3147864912175718,0.2518291929740574,9.0,-0.14285714285714285,0.5262,False,Pz_ECG,gamma,EEG_ECG,1.0,0.8742228260869565
239,-0.003307191427682467,8.138358194817973e-06,0.0019779965779653523,-0.006497856439942333,0.00146448815858665,-0.6266212783125492,-0.5012970226500394,4.0,0.6190476190476191,0.125,False,TP10_ECG,gamma,EEG_ECG,1.0,0.5014675324675324
240,-0.0013594021273512001,0.00010779994411963252,0.015194017100543748,-0.03516070307630857,0.02558824806244059,-0.0335540604779792,-0.02684324838238336,10.0,0.04761904761904767,0.932,False,TP9_ECG,gamma,EEG_ECG,1.0,0.9693830508474577
241,-0.00046893972347808325,8.47810339617397e-06,0.0022330354143420116,-0.003959899891487195,0.005125014987487683,-0.0783513322840331,-0.06268106582722648,9.0,0.14285714285714285,0.8052,False,TPP7h_ECG,gamma,EEG_ECG,1.0,0.9693830508474577
242,-0.00047867136830899985,-3.4970286739467184e-06,0.0017747402278236422,-0.003189898535793011,0.00402233058171252,-0.10012721263532849,-0.0801017701082628,8.0,0.23809523809523814,0.7506,False,TPP8h_ECG,gamma,EEG_ECG,1.0,0.9669629629629629
243,-0.0017159074208312336,1.2184796041014509e-05,0.002015290239165377,-0.006035320160768684,0.0018188727921976666,-0.31660797482837444,-0.2532863798626996,7.0,0.3333333333333333,0.4216,False,TTP8h_ECG,gamma,EEG_ECG,1.0,0.812182389937107
244,-0.003056524062243149,4.913263877645308e-05,0.007327450645375802,-0.015828333906514985,0.012355534088097458,-0.15486244998552065,-0.12388995998841652,9.0,0.14285714285714285,0.6734,False,AF3_ECG,theta,EEG_ECG,1.0,0.91690625
245,0.003505011606367433,3.413980862071843e-05,0.0037198204900773957,-0.00328659001503425,0.011759384181045815,0.35036192726199494,0.280289541809596,7.0,-0.3333333333333333,0.3108,False,AF4_ECG,theta,EEG_ECG,1.0,0.7236183206106871
246,0.00020938212940776676,-1.0877285142949357e-06,0.0064472827083071746,-0.008229511336611884,0.020734538722739268,0.012105753480219394,0.009684602784175517,6.0,0.4285714285714286,0.9686,False,AF7_ECG,theta,EEG_ECG,1.0,0.9832956810631229
247,0.0004191463752357168,-6.046630133533517e-06,0.005322126543575249,-0.0089584534366618,0.011792736378410168,0.029340527902925056,0.023472422322340047,9.0,-0.14285714285714285,0.9346,False,AFz_ECG,theta,EEG_ECG,1.0,0.9693830508474577
248,0.002262244875940534,5.669589654064104e-06,0.003646000102916989,-0.005090262471667932,0.009373601957040135,0.23123521665833832,0.18498817332667067,8.0,-0.23809523809523814,0.5402,False,C1_ECG,theta,EEG_ECG,1.0,0.8776335078534031
249,-0.003899932681867099,2.8239595186807173e-05,0.006730867906869665,-0.015687251331030497,0.008850318304397236,-0.2144042297805866,-0.1715233838244693,6.0,0.4285714285714286,0.6308,False,C2_ECG,theta,EEG_ECG,1.0,0.8990373831775701
250,-0.007162564111851052,4.172571449139167e-05,0.004591406998326955,-0.015399192900538552,0.0024594848547398,-0.5817480619640156,-0.4653984495712125,4.0,0.6190476190476191,0.1254,False,C3_ECG,theta,EEG_ECG,1.0,0.5014675324675324
251,0.0015706462739986167,-4.568857390702206e-07,0.005873316903479367,-0.010320797103509182,0.012511760248558127,0.09904506487370579,0.07923605189896464,10.0,-0.04761904761904767,0.7926,False,C4_ECG,theta,EEG_ECG,1.0,0.9693830508474577
252,-0.0056984189997582166,1.8123004699846512e-05,0.006334997802708433,-0.019295754203062166,0.00527492562711035,-0.3336624398318336,-0.26692995186546686,6.0,0.4285714285714286,0.4004,False,C5_ECG,theta,EEG_ECG,1.0,0.8087549668874172
253,-0.0038203415998585336,4.319322302058113e-05,0.006368952836625655,-0.018426806020392476,0.006815048477941066,-0.2237734593338465,-0.1790187674670772,9.0,0.14285714285714285,0.5956,False,C6_ECG,theta,EEG_ECG,1.0,0.8930873786407766
254,-0.008277458129569667,-1.975336061014847e-05,0.005310913431601229,-0.022251470142574666,-0.00035682121962706675,-0.5810202013314937,-0.46481616106519497,4.0,0.6190476190476191,0.0812,True,CP1_ECG,theta,EEG_ECG,1.0,0.41276666666666667
255,-0.007851792224712533,2.591926662244906e-05,0.005121360821512485,-0.018006610084362284,0.0015924633298167168,-0.5683683405234441,-0.4546946724187553,5.0,0.5238095238095237,0.1262,False,CP2_ECG,theta,EEG_ECG,1.0,0.5014675324675324
256,-0.006370252432151567,-4.005798457784766e-06,0.004201773786199057,-0.013458526284421679,0.0031965017632534995,-0.5614771190325163,-0.44918169522601303,4.0,0.6190476190476191,0.1514,False,CP3_ECG,theta,EEG_ECG,1.0,0.5309772727272727
257,0.00284830123171545,3.0030282947243227e-06,0.005180136363851181,-0.007231216217418015,0.013113036514902313,0.20395963764015115,0.16316771011212094,8.0,-0.23809523809523814,0.5668,False,CP4_ECG,theta,EEG_ECG,1.0,0.8849552238805971
258,-0.0010104832075596667,2.2031611626692482e-05,0.005943238430840341,-0.011082076820936615,0.012430793590608518,-0.06295376987677392,-0.050363015901419145,9.0,0.14285714285714285,0.853,False,CP5_ECG,theta,EEG_ECG,1.0,0.9693830508474577
259,-0.0038674828213739487,2.287458998862478e-05,0.006819248566721488,-0.0155755614067664,0.011267672706191617,-0.21021213222232998,-0.168169705777864,9.0,0.14285714285714285,0.5708,False,CP6_ECG,theta,EEG_ECG,1.0,0.8849552238805971
260,-0.010240439916046317,3.7405255187430986e-05,0.005020788749652755,-0.021322033677336035,-0.001547567232166417,-0.7629791548163646,-0.6103833238530917,3.0,0.7142857142857142,0.0262,True,CPz_ECG,theta,EEG_ECG,1.0,0.21028947368421053
261,0.00589784461673695,2.253900247252156e-05,0.006298002991698902,-0.005217273755769182,0.019871981032792963,0.3477721732750779,0.2782177386200623,7.0,-0.3333333333333333,0.3696,False,Cz_ECG,theta,EEG_ECG,1.0,0.7912937062937063
262,-0.001140315130398516,3.07394430337437e-05,0.004751260111468649,-0.009318263261879666,0.009248900223251668,-0.08899041393403105,-0.07119233114722484,10.0,0.04761904761904767,0.8052,False,F1_ECG,theta,EEG_ECG,1.0,0.9693830508474577
263,0.0005291237721358659,3.5528689069477966e-05,0.006762595791030073,-0.013728629166576719,0.012533689053898017,0.029034969669728062,0.02322797573578245,10.0,-0.04761904761904767,0.919,False,F2_ECG,theta,EEG_ECG,1.0,0.9693830508474577
264,0.0025164693621590496,2.2734415186532672e-05,0.004156492945328799,-0.006595105570877,0.009800367661760366,0.22538241440115858,0.1803059315209269,8.0,-0.23809523809523814,0.5434,False,F3_ECG,theta,EEG_ECG,1.0,0.8776335078534031
265,-0.004224564056777483,2.7576338381666947e-05,0.0040221646772581,-0.011984530616867016,0.0033895653532058172,-0.38937114425327385,-0.3114969154026191,7.0,0.3333333333333333,0.3098,False,F4_ECG,theta,EEG_ECG,1.0,0.7236183206106871
266,0.001739516449041317,7.316330981027358e-06,0.005886933294808215,-0.009811452679612984,0.012894094007356518,0.10924873092102723,0.08739898473682178,10.0,-0.04761904761904767,0.7692,False,F5_ECG,theta,EEG_ECG,1.0,0.9669629629629629
267,0.010869623123672782,3.081615238943389e-05,0.0030724582558930976,0.0050073872423134335,0.016669230714256567,1.3151381571108032,1.0521105256886425,0.0,-1.0,0.0,True,F6_ECG,theta,EEG_ECG,0.0,0.0
268,0.0015165350269677495,-9.774256570531685e-06,0.004765486809836458,-0.006635052361965766,0.012093253027511434,0.11778040462536482,0.09422432370029186,10.0,-0.04761904761904767,0.791,False,F8_ECG,theta,EEG_ECG,1.0,0.9693830508474577
269,-0.0015006677893740002,3.4562698564846294e-05,0.004768656281361872,-0.010795686986652417,0.007794351407904416,-0.11760449388952748,-0.094083595111622,8.0,0.23809523809523814,0.7684,False,FC1_ECG,theta,EEG_ECG,1.0,0.9669629629629629
270,0.0003793240610577831,2.029656024222918e-05,0.004760380406789902,-0.00922070376547735,0.009058942942159033,0.029546589955880817,0.023637271964704654,10.0,0.04761904761904767,0.915,False,FC2_ECG,theta,EEG_ECG,1.0,0.9693830508474577
271,0.003218417054338582,2.1947291273431615e-05,0.008033946036751878,-0.015570260420379518,0.016438350886295763,0.1493929237896599,0.11951433903172792,9.0,-0.14285714285714285,0.6622,False,FC3_ECG,theta,EEG_ECG,1.0,0.91389592760181
272,-0.005057298692543382,4.0680856182261776e-05,0.007433921706878112,-0.020012734431835717,0.008365184521802333,-0.2525226983781532,-0.2020181587025226,6.0,0.4285714285714286,0.524,False,FC4_ECG,theta,EEG_ECG,1.0,0.8742228260869565
273,0.0011373046284152497,2.3135247359256858e-05,0.006856586182432946,-0.011916713221770967,0.015108806734083565,0.061840479727266556,0.04947238378181325,10.0,-0.04761904761904767,0.8754,False,FC5_ECG,theta,EEG_ECG,1.0,0.9693830508474577
274,-0.0009737053370869171,3.827093114110961e-05,0.006493594420877115,-0.014065133192975934,0.010876157054927916,-0.05553739815090807,-0.04442991852072646,9.0,0.14285714285714285,0.8896,False,FC6_ECG,theta,EEG_ECG,1.0,0.9693830508474577
275,-0.0017391527791741843,-6.754007687996165e-06,0.006115449974169802,-0.013487360914721178,0.009779772411745782,-0.10555328252271319,-0.08444262601817056,8.0,0.23809523809523814,0.8548,False,FCz_ECG,theta,EEG_ECG,1.0,0.9693830508474577
276,0.0005077618046742992,4.3603775831646454e-05,0.008979760789409779,-0.019934530418829033,0.015716431749740665,0.021027747823301555,0.016822198258641244,9.0,-0.14285714285714285,0.9052,False,FFT7h_ECG,theta,EEG_ECG,1.0,0.9693830508474577
277,-0.005537515736422183,-1.9490767190914575e-05,0.004983083312689853,-0.014027952942581674,0.005743695598235001,-0.4120296338281734,-0.32962370706253874,6.0,0.4285714285714286,0.2824,False,FFT8h_ECG,theta,EEG_ECG,1.0,0.6946129032258064
278,-0.00633768049548155,4.241267487341705e-05,0.005973010557627498,-0.01769848154553508,0.005570414491188183,-0.3944402037203687,-0.31555216297629496,6.0,0.4285714285714286,0.3088,False,FT10_ECG,theta,EEG_ECG,1.0,0.7236183206106871
279,-0.0009268114040468841,2.6547146464907397e-05,0.006577975050561626,-0.011494073399323802,0.015262747704464133,-0.05239838679443392,-0.04191870943554714,8.0,0.23809523809523814,0.8826,False,FT9_ECG,theta,EEG_ECG,1.0,0.9693830508474577
280,-0.00398326290534225,2.4302792387493645e-05,0.004585694054754162,-0.011715885721543284,0.006564540568136083,-0.32297483199252974,-0.2583798655940238,6.0,0.4285714285714286,0.3906,False,FTT7h_ECG,theta,EEG_ECG,1.0,0.802006711409396
281,-0.004515963510969952,2.1448091971465466e-05,0.008484935712959864,-0.027422226321109654,0.008089076358457032,-0.1983910965102964,-0.15871287720823712,10.0,-0.04761904761904767,0.6178,False,FTT8h_ECG,theta,EEG_ECG,1.0,0.8953412322274882
282,0.001617793390325934,2.9147749067495732e-05,0.005597783990100318,-0.010744934802985632,0.011384763703518666,0.10805547062372868,0.08644437649898296,9.0,-0.14285714285714285,0.754,False,Fp1_ECG,theta,EEG_ECG,1.0,0.9669629629629629
283,0.0036203156301743505,3.079764422387948e-05,0.006540198946549081,-0.010182453462101067,0.015264473479442084,0.20558343372206883,0.16446674697765507,9.0,-0.14285714285714285,0.5792,False,Fp2_ECG,theta,EEG_ECG,1.0,0.8849552238805971
284,-0.0036383066314054167,1.2801179310815546e-05,0.006087882491095231,-0.015155278764369099,0.008710068373877167,-0.2224564689090453,-0.17796517512723625,8.0,0.23809523809523814,0.553,False,Fz_ECG,theta,EEG_ECG,1.0,0.8784635416666666
285,-0.0024323070157277167,1.275955764406091e-05,0.006811013951414944,-0.016507812005405166,0.009621356695209601,-0.1324774397449985,-0.10598195179599881,10.0,0.04761904761904767,0.7412,False,O1_ECG,theta,EEG_ECG,1.0,0.9669629629629629
286,-0.0013734768820097502,2.4008578127928835e-05,0.0044829635004967885,-0.010049130815945334,0.0073387435697502,-0.11380130941305013,-0.09104104753044011,9.0,0.14285714285714285,0.7746,False,O2_ECG,theta,EEG_ECG,1.0,0.9682499999999999
287,-0.008705084806281432,-1.902064887835883e-05,0.006666404144927521,-0.019365499284475566,0.0066016091146217,-0.48565864449944063,-0.38852691559955255,5.0,0.5238095238095237,0.2052,False,P1_ECG,theta,EEG_ECG,1.0,0.6270800000000001
288,-0.010051767665781882,-2.579185202729664e-05,0.007202553876934163,-0.023878866067020832,0.004655010878138783,-0.5185241735183727,-0.4148193388146981,5.0,0.5238095238095237,0.1596,False,P2_ECG,theta,EEG_ECG,1.0,0.5349230769230768
289,-0.004441041889070667,-2.7219844040780178e-06,0.006115511097285734,-0.018669694750986232,0.0056464845561073505,-0.26948327280462653,-0.21558661824370123,7.0,0.3333333333333333,0.4784,False,P3_ECG,theta,EEG_ECG,1.0,0.8417298850574713
290,0.0026665929402702837,3.540110035928079e-05,0.005141624314087051,-0.0075362390415990325,0.0122749335984697,0.1922951421995277,0.15383611375962217,9.0,-0.14285714285714285,0.6032,False,P4_ECG,theta,EEG_ECG,1.0,0.8930873786407766
291,0.0017630265575633165,-3.2809821682361654e-05,0.004313862935098955,-0.0074087310239455,0.009521329154556033,0.1524119785552083,0.12192958284416665,8.0,-0.23809523809523814,0.6734,False,P5_ECG,theta,EEG_ECG,1.0,0.91690625
292,-6.0042340505822925e-06,2.7154198126768414e-05,0.008736569501627685,-0.01723740213852113,0.016590550618901866,-0.00025456062607627413,-0.0002036485008610193,10.0,-0.04761904761904767,0.9908,False,P6_ECG,theta,EEG_ECG,1.0,0.9940592105263157
293,0.0025599075271410996,2.0453382715607607e-05,0.00723972333196083,-0.01113830233593742,0.0172066743624124,0.13102597498432492,0.10482077998745994,9.0,-0.14285714285714285,0.7476,False,P7_ECG,theta,EEG_ECG,1.0,0.9669629629629629
294,-0.00035289794432870103,2.840806912875806e-05,0.006174646197249753,-0.014144079216417686,0.010842291988903048,-0.021211218402511382,-0.016968974722009107,9.0,0.14285714285714285,0.9584,False,PO3_ECG,theta,EEG_ECG,1.0,0.9809127516778524
295,-0.005324067252270116,1.6369945184983685e-05,0.008029582209106113,-0.023597883847647782,0.007866860747260835,-0.24630972402290172,-0.1970477792183214,8.0,0.23809523809523814,0.502,False,PO4_ECG,theta,EEG_ECG,1.0,0.8553631284916201
296,-0.00338239745030605,2.383727505385824e-05,0.0023140087892257015,-0.008473284455141483,0.0005698427736380833,-0.543552617308277,-0.4348420938466216,6.0,0.4285714285714286,0.1422,False,PO7_ECG,theta,EEG_ECG,1.0,0.5192261904761905
297,0.0002705254075141001,4.513336300480855e-05,0.006328990977569746,-0.010353884402251667,0.014108301782556884,0.015883297605598208,0.012706638084478568,10.0,-0.04761904761904767,0.9672,False,PO8_ECG,theta,EEG_ECG,1.0,0.9832956810631229
298,0.0006441026102102501,2.7869013173404994e-05,0.004630428824800157,-0.0081656811920068,0.009864906057473918,0.0520311055676403,0.04162488445411224,10.0,-0.04761904761904767,0.8986,False,POz_ECG,theta,EEG_ECG,1.0,0.9693830508474577
299,-0.0010376639121405004,3.422860337242719e-05,0.004659927207146179,-0.00988443934739265,0.008014683136404516,-0.08277074109652623,-0.06621659287722098,9.0,0.14285714285714285,0.8252,False,Pz_ECG,theta,EEG_ECG,1.0,0.9693830508474577
300,0.0006869606055882666,3.775055283068262e-05,0.004828648516057021,-0.007805331185027999,0.011336225416216567,0.05271730311077686,0.042173842488621494,9.0,-0.14285714285714285,0.925,False,TP10_ECG,theta,EEG_ECG,1.0,0.9693830508474577
301,-0.005058887307030701,4.042179720026729e-05,0.006168641505824444,-0.016411024204709284,0.007491475992954583,-0.3048448304785911,-0.2438758643828729,6.0,0.4285714285714286,0.4336,False,TP9_ECG,theta,EEG_ECG,1.0,0.8252049689440993
302,-0.0077964091129782325,-1.8801414935854487e-05,0.005909219222392498,-0.01573104510305135,0.0106582956689533,-0.491363965191897,-0.39309117215351763,6.0,0.4285714285714286,0.1882,False,TPP7h_ECG,theta,EEG_ECG,1.0,0.5979270833333333
303,-0.0030081869170730502,-7.146101388567656e-06,0.004101171956002897,-0.010541664650161216,0.005662308604039116,-0.2714140154538499,-0.21713121236307995,7.0,0.3333333333333333,0.4798,False,TPP8h_ECG,theta,EEG_ECG,1.0,0.8417298850574713
304,0.010424309839053533,2.9530136890771122e-05,0.0048954979550640595,0.00025618762764673353,0.019196814088167268,0.7887278285811694,0.6309822628649355,3.0,-0.7142857142857142,0.0304,True,TTP8h_ECG,theta,EEG_ECG,1.0,0.23179999999999998
